"1,""Molham Volunteering Team""",Molham Volunteering Team,,,,
"2,""Online donation is unavailable on the website for 48 hours due to a temporary technical issue!""",Aufgrund von vorübergehenden technischen Problemen sind Spenden über die Website für die nächsten 48 Stunden nicht möglich.,,,,
"3,Home",Start,,,,
"4,""About us""",Über uns,,,,
"5,""About Molham""",Über Molham,,,,
"6,""About Our Team""",Über unser Team,,,,
"7,""Our Projects""",Unsere Projekte,,,,
"8,""Team's Volunteers""",Unsere Freiwilligen,,,,
"9,""How to Donate ?""",Wie kann ich spenden,,,,
"10,""Transparency File""",Transparenzliste,,,,
"11,""Contact us""",Kontakt,,,,
"12,Login",Login,,,,
"13,""New Donor""",Neuer Spender,,,,
"14,""Your Donations""",Deine Spenden,,,,
"15,Profile",Profil,,,,
"16,Logout",Logout,,,,
"17,Welcome",Willkommen,,,,
"18,""Inspire your Humanity""",Inspiriere deine Menschlichkeit,,,,
"19,""To be inspirational is to sow your seeds in the sky. To weave a pain-soothing dress out of laughter. To erase hardships with hope. To create an invincible bridge out of optimism. To be inspiring is... To build a glorious future for people whose pasts were stolen. To construct a road full of knowledge to strengthen the weak. To liberate those accustomed to captivity.""","Inspirierend zu sein bedeutet, deine Saat in den Himmel auszusäen. Aus Lachen ein schmerzlinderndes Gewand zu weben. Mit Hoffnung die Nöte zu beseitigen. Aus Zuversicht eine unerschütterliche Brücke zu erschaffen. Inspirierend zu sein bedeutet, eine wunderbare Zukunft für die zu bauen, deren Vergangenheit gestohlen wurde. Einen Weg der Erkenntnis zu errichten, um die Schwachen zu stärken. Diejenigen zu befreien, die an die Gefangenschaft gewöhnt sind.",,,,
"20,Cases",Fälle,,,,
"21,""The Team seeks to secure relief for medical conditions, to prioritize support according to medical need and urgency, and to follow up on treatments until full recovery.""","Unser Team ist bestrebt, Hilfe bei Krankheitszuständen zu sichern. Die Auswahl der jeweiligen Fälle erfolgt nach medizinischer Dringlichkeit und Notwendigkeit. Außerdem wird sichergestellt, dass die Behandlung bis zur vollständigen Genesung fortgesetzt werden kann.",,,,
"22,Campaigns",Kampagnen,,,,
"23,""The Team launches emergency campaigns to address the needs of civilians in distressed areas subject to bombings, displacement, or harsh weather conditions.""","Unser Team richtete Notfall-Kampagnen ein, um auf die Bedürfnisse der Menschen zu reagieren, die unter Bombardierungen, Vertreibung oder extremen Wetterbedingungen leiden.",,,,
"24,""Search Options""",Suchoptionen,,,,
"25,All",Alles,,,,
"26,Medical",Medizinisch,,,,
"27,Rent",Miete,,,,
"28,Expense",Kosten,,,,
"29,Funded",Finanziert,,,,
"30,""Not funded""",Nicht finanziert,,,,
"31,Amount",Betrag,,,,
"32,Left",Fehlend,,,,
"33,Donate",Spenden,,,,
"34,""Show more""",Zeige mehr,,,,
"35,""Required Amount""",Notwendiger Betrag,,,,
"36,Paid",Bezahlt,,,,
"37,""Number of Donors""",Anzahl der Spender,,,,
"38,""How can we help you ?""",Wie können wir dir helfen?,,,,
"39,Sponsorships",Patenschaften,,,,
"40,""The Team secures psychological and financial support for orphans in general and displaced orphans in particular, and regards them as a nucleus of hope for the future of Syria and Arab countries.""","Das Team sichert psychologische sowie finanzielle Unterstützung für Waisen, insbesondere für geflüchtete Waisen, und wertschätzt sie als Keim der Hoffnung für die Zukunft Syriens und der arabischen Staaten.",,,,
"41,Education",Bildung,,,,
"42,""Education is considered essential in the process of raising and building a strong society. Our team works every year to provide Syrian refugees with quality education which is one of their simplest rights. We work on funding both school and university students until the moment they can rely on themselves.""","Bildung ist wesentlich um eine starke Gesellschaft heranzuziehen und aufzubauen. Unser Team arbeitet jedes Jahr daran, syrische Flüchtlinge mit qualitativer Bildung zu versorgen, denn es ist eines ihrer einfachsten Rechte. Wir arbeiten daran, sowohl Schüler als auch Universitätsstudenten zu finanzieren, solange bis sie auf eigenen Beinen stehen.",,,,
"43,""No Results !!""",Keine Ergebnisse!!,,,,
"44,""No results according to the options that you selected""",Keine Ergebnisse für die ausgewählten Optionen,,,,
"45,""Not Funded""",Nicht finanziert,,,,
"46,Dollar",Dollar,,,,
"47,Ongoing",Laufend,,,,
"48,Finished",Beendet,,,,
"49,""Started on""",Gestartet am,,,,
"50,""Finished on""",Beendet am,,,,
"51,Email",E-Mail,,,,
"52,""Turkey Office""",Büro Türkei,,,,
"53,""Jordan Office""",Büro Jordanien,,,,
"54,Facebook",Facebook,,,,
"55,Twitter",Twitter,,,,
"56,Youtube",Youtube,,,,
"57,Instagram",Instagram,,,,
"58,""Login to Your Account""",Einloggen zu deinem Account,,,,
"59,Login",Login,,,,
"60,Email",E-Mail-Adresse,,,,
"61,""Your Email""",Deine E-Mail-Adresse,,,,
"62,Password",Passwort,,,,
"63,""Your Password""",Dein Passwort,,,,
"64,""Forgot your password ??""",Passwort vergessen?,,,,
"65,""Create a New Account""",Neues Passwort erstellen,,,,
"66,Name",Name,,,,
"67,""Your real or nick Name""",Dein Name oder Nickname,,,,
"68,""Confirm Password""",Passwort bestätigen,,,,
"69,Signup",Registrierung,,,,
"70,""Username or Password that you entered are not correct !!""",Benutzername oder Passwort nicht korrekt.,,,,
"71,""Please complete all the fields !!""",Bitte fülle alle Felder aus.,,,,
"72,""the email that you entered is already registerd !!""",Die angegebene E-Mail Adresse ist bereits registriert.,,,,
"73,""Insert a correct email !!""",Bitte gib eine korrekte E-Mail Adresse ein,,,,
"74,""Password length must be between 5-20 letters""",Das Passwort muss aus 5-20 Zeichen bestehen.,,,,
"75,""Password and its confirm are not the same !!""",Passwort und Passwortbestätigung stimmen nicht überein.,,,,
"76,""Reset Password""",Passwort zurücksetzen,,,,
"77,""Input your email of your accout to reset a new password and sending it to you""","Bitte gib die E-Mail-Adresse deines Accounts ein, um das Passwort zurückzusetzen und ein neues per Mail zu erhalten.",,,,
"78,""Receipt Voucher""",Empfangsbescheinigung,,,,
"79,""Donor Name""",Spendername,,,,
"80,""Donation Amount""",Spendenbetrag,,,,
"81,""Receipt ID""",Beleg ID,,,,
"82,""Donation Method""",Spendenmethode,,,,
"83,Purpose",Spendenzweck,,,,
"84,""Donation Date""",Datum der Spende,,,,
"85,""Delivering by hand""",Persönlich übergeben,,,,
"86,""Bank transfer""",Banküberweisung,,,,
"87,""Electronic payment""",Elektronische Zahlung,,,,
"88,""General Fund""",Allgemeiner Fonds,,,,
"89,""General Fund of Cases""",Allgemeiner Fonds für Fälle,,,,
"90,""General Fund of Campaigns""",Allgemeiner Fonds für Kampagnen,,,,
"91,""General Fund of Sponsorships""",Allgemeiner Fonds für Patenschaften,,,,
"92,""General Fund of Students""",Allgemeiner Fonds für Studenten,,,,
"93,Case",Fall,,,,
"94,Campaign",Kampagne,,,,
"95,Sponsorship",Patenschaft,,,,
"96,Student",Student,,,,
"97,""If you do not receive a receipt for your donation, or if you cannot find your donation in the Transparency File please contact us at info@molhamteam.com""","Falls du keinen Spendenbeleg erhältst oder du deine Spende nicht in der Transparenzliste findest, dann kontaktiere uns bitte per Mail unter info@molhamteam.com.",,,,
"98,Received",Erhalten,,,,
"99,Spent",Gespendet,,,,
"100,Name",Name,,,,
"101,Amount",Betrag,,,,
"102,""Donations Total""",Gesamtspenden,,,,
"103,Total",Gesamt,,,,
"104,""Spend Date""",Datum der Spende,,,,
"105,""My Donations""",Meine Spenden,,,,
"106,""Donations Total""",Gesamtspenden,,,,
"107,""Show Receipt""",Zeige den Beleg,,,,
"108,""No Donations for now !!""",Bisher noch keine Spenden,,,,
"109,""Edit Your Account""",Account bearbeiten,,,,
"110,""Your New Password""",Dein neues Passwort,,,,
"111,""Confirm Your New Password""",Bestätige dein neues Passwort,,,,
"112,""Change Password""",Passwort ändern,,,,
"113,""Successfully changed !!""",Erfolgreich geändert,,,,
"114,""We do not have any account which has this email !! Please insert a correct email !!""",Es existiert kein Account mit dieser E-Mail-Adresse. Bitte gib eine korrekte E-Mail-Adresse an.,,,,
"115,""A new password has sent to your email !!""",Es wurde ein neues Passwort an deine E-Mail-Adresse gesendet.,,,,
"116,""Your Donations""",Deine Spenden,,,,
"117,""Your account's password on Our website has been changed !!""",Das Passwort deines Accounts wurde auf unserer Website geändert.,,,,
"118,""The amount that you entered is more than the left amount of this case to be funded""","Der Betrag, den du eingegeben hast, übersteigt den fehlenden Betrag dieses Falls.",,,,
"119,""Thanks again for your last donation for the case number""",Nochmals vielen Dank für deine letzte Spende für den Fall Nummer,,,,
"120,""The monthly requirements for this sponsorship cost""",Der monatliche Bedarf dieser Patenschaft beträgt,,,,
"121,""If you want to be the permanent monthly breadwinner for this sponsorship or to give you further information about it please send us on Email sponsorships""","Wenn du ein dauerhafter Versorger für diese Patenschaft sein möchtest oder um weitere Informationen zu erhalten, sende uns bitte eine E-Mail an",,,,
"122,""Contact us via WhatsApp""",Kontaktiere uns per WhatsApp,,,,
"123,Stock",Bestand,,,,
"124,""The amount that you entered is more than the left amount of this campaign to be funded""","Der Betrag, den du eingegeben hast, übersteigt den fehlenden Betrag dieser Kampagne.",,,,
"125,Child",Kind,,,,
"126,""Medical Sponsorship""",Medizinische Patenschaft,,,,
"127,Family",Familie,,,,
"128,Fund",Fonds,,,,
"129,Funded",Finanziert,,,,
"130,""Not Funded""",Nicht finanziert,,,,
"131,""Monthly sponsorship amount""",Monatlicher Patenschaftsbetrag,,,,
"132,""Sponsorship's Fund has""",Der Patenschaftsfonds beträgt,,,,
"133,""Permanently funded""",Dauerhaft finanziert,,,,
"134,""Funded Until""",Finanziert bis,,,,
"135,""1 Month""",1 Monat,,,,
"136,Months",Monate,,,,
"137,""Fully funded""",Vollständig finanziert,,,,
"138,Since",Seit,,,,
"139,Delivered",Zugestellt,,,,
"140,""University Students""",Universitätsstudenten,,,,
"141,""Fully Funded""",Vollständig finanziert,,,,
"142,""Funded for this semester""",Finanziert für dieses Semester,,,,
"143,""Required amount for this semester""",Benötigter Betrag für dieses Semester,,,,
"144,""Required amount for one semester""",Benötigter Betrag für ein Semester,,,,
"145,""Full Required Amount""",Benötigter Gesamtbetrag,,,,
"146,""Funded for this Semester""",Finanziert für dieses Semester,,,,
"147,""Not Funded""",Nicht finanziert,,,,
"148,Funded",Finanziert,,,,
"149,""Semesters Left""",Fehlende Semester,,,,
"150,""2 Semesters Left""",2 Semester fehlend,,,,
"151,""1 Semester Left""",1 Semester fehlend,,,,
"152,for",für,,,,
"153,""One Semester""",Ein Semester,,,,
"154,""2 Semesters""",zwei Semester,,,,
"155,Semesters",Semester,,,,
"156,""Fully funded""",Vollständig finanziert,,,,
"157,""Our bank account in Turkey""",Unsere Bankverbindung in der Tükei,,,,
"158,""After every money transfer, please send us a copy of the transfer process to the following E-mail address: info@molhamteam.com""",Bitte sende uns nach jedem Geldtransfer eine Kopie des Transferprozesses an folgende E-Mail-Adresse: info@molhamteam.com,,,,
"159,""Donate using Turkish Lira""",Bitte spende in Türkischen Lira,,,,
"160,""Donate using U.S. Dollar""",Bitte spende in US-Dollar,,,,
"161,""Donate using Euro""",Bitte spende in Euro,,,,
"162,""Our website""",Unsere Website,,,,
"163,""You can donate using credit card, debit card, or PayPal by clicking on the Donate button below each case or campaign. After completing your donation, please send us a copy of the transfer receipt to the following e-mail address: info@molhamteam.com""","Du kannst per Kreditkarte, Debitkarte oder PayPal zahlen, wenn du den ""Spenden"" Button anklickst, der sich unter jedem Fall und jeder Kampagne befindet. Wenn du deine Spende abgeschlossen hast, sende uns bitte eine Kopie des Überweisungsbelegs an folgende E-Mail-Adresse: info@molhamteam.com",,,,
"164,""Transfer offices and bank accounts""",Geldtransferanbieter und Bankverbindungen,,,,
"165,""For information about money transfer and our bank account in your country please contact us via E-mail: info@molhamteam.com""","Für Informationen zum Geldtransfer und unserer Kontoverbindung in deinem Land, kontaktiere uns bitte per E-Mail: info@molhamteam.com",,,,
"166,Notes",Notizen,,,,
"167,""Please don't include the word ",," in the transfer information.""",Bitte nutze nicht das Wort,Syrien,als Verwendungszweck.
"168,""Please sign up for our website to see all of your donations in &laquo",,"
169,The team pledges to keep all information about donors private.""","Bitte melde dich auf unserer Website an, um alle deine Spenden zu sehen unter",Meine Spenden,169 Das Team verpflichtet sich alle Daten von Spendern vertraulich zu behandeln. 
,,,,,
"170,""Everyone can see the received donations by Molham Team via the &laquo",," on the website. To maintain the privacy of the donor, people can only see the first and last two letters of the donor's name.""",Jeder kann die erhaltenen Spenden des Molham Teams einsehen in der,Transparenzliste,"auf der Website. Um die Privatsphäre der Spender zu wahren, sind nur der erste und die letzten beiden Buchstaben des jeweiligen Spenders sichtbar."
"171,""Following the completion of the transaction, you will receive a receipt voucher on your email.""",Nach erfolgreicher Transaktion erhältst du eine Empfangsbescheinigung an deine E-Mail-Adresse. ,,,,
"172,""Molham Volunteering Team Website""",Molham Volunteering Team Website,,,,
"173,""Website , team , Molham , volunteering , volunteer work , martyr , Molham , cases , campaigns , sponsorship , education , aid , donate , projects , revolution , Syrian , Syria , children , relief, molham events, molham village, molham gifts""","Website, Team, Molham, ehrenamtlich, Freiwilligentätigkeit, Märtyrer, Molham, Fälle, Kampagnen, Patenschaften, Bildung, Hilfe, spenden, Projekte, Revolution, syrisch, Syrien, Kinder, Hilfe, Molham Events, Molham Village, Molham Geschenke",,,,
"174,""Latest Cases""",Neuste Fälle,,,,
"175,""Donate for our projects""",Spende für unsere Projekte,,,,
"176,""Our most important campaigns in this year""",Unsere bedeutendsten Kampagnen des Jahres,,,,
"177,""Razan's Fund for Cancer Patients""",Razan´s Fonds für Krebspatienten,,,,
"178,""After international relief organizations discontinued support for Syrian refugees diagnosed with cancer, Molham Team took the lead to assist Razan, a young cancer patient, in her treatment journey. Afterwards, the Team established Razan&rsquo","s Fund for Cancer Patients, dedicated to cover cancer patients' treatment expenses.""","Nachdem internationale Hilfsorganisationen die Unterstützung für syrische Flüchtlinge mit Krebserkrankung eingestellt haben, hat das Molham Team die Verantwortung für Razan, einen jungen Krebspatienten übernommen  und begleitet ihn bei seinen Behandlungen. Aufgrund dessen gründete das Team Razan","s Fonds für Krebspatienten, zweckbestimmt für die Deckung der Kosten von Krebsbehandlungen.",,
"179,""Save Douma Campaign""",Rettet Duma Kampagne,,,,
"180,""due to the continues shelling in Doma , the Team launched an emergency campaign to provide medical and relief Supplies for the wounded and the martyred families.""","Aufgrund der anhaltenden Bombardierungen in Duma hat unser Team eine Notfall-Kampagne iniziiert, um medizinische und weitere Hilfsgüter für die Verwundeten und die Familien des Märtyrers zur Verfügung zu stellen.",,,,
"181,""Al Yarmook Camp Kitchen""",Al Yarmook Camp Küche,,,,
"182,""Because of the siege on Yarmook Camp and on the south Damascus, the team launched a campaign to support the kitchens there, also to distribute cash on an ongoing basis to the needy families .""","Bedingt durch die Belagerung des Yarmook Camps und des Südens von Damaskus, hat unser Team eine Kampagne gestartet, um die Küchen vor Ort zu unterstützen und Bargeld auf kontinuierlicher Basis an notleidende Familien zu verteilen. ",,,,
"183,""Give Warmth Campaign""",Schenke Wärme Kampagne,,,,
"184,""During Give Warmth campaign the team distributed winter Kits which included blankets, provide fire woods and diesel to families in Syria and in countries of asylum. winter clothes and boots especially for children as well.""","Während der ""Schenke Wärme"" Kampagne hat unser Team Winterausstattungen inklusive Decken, Feuerholz und Heizöl an Familien in Syrien und in weiteren Zufluchtsländern verteilt. ",,,,
"185,""Direct Donations""",Direkte Spenden,,,,
"186,""You can directly donate to the case or the hospital""",Du kannst direkt für den Fall oder an das Krankenhaus spenden.,,,,
"187,""Administrative Expenses""",Verwaltungskosten,,,,
"188,""0% of the donations is used for administrative expenses""",0% der Spenden werden für Verwaltungskosten verwendet.,,,,
"189,""Received Donations""",Erhaltene Spenden,,,,
"190,""Information on incoming donations are accessible to all""",Informationen zu eingehenden Spenden sind für alle sichtbar.,,,,
"191,""Participate as a volunteer""",Beteilige dich als Freiwillige/r,,,,
"192,""You are welcome to lend a helping hand in our campaigns""",Wir freuen uns über Unterstützung bei unseren Kampagnen.,,,,
"193,""A response campaign for Idlib City""",Eine Reaktionskampagne für die Stadt Idlib,,,,
"194,""To Provide  living essentials for families affected by shelling""","Um lebensnotwendige Güter für Familien zur Verfügung zu stellen, die unter den Bombardierungen leiden.",,,,
"195,""Donate for the campaign""",Spende für die Kampagne,,,,
"196,""Cases project in Molham Team""",Fallprojekt des Molham Teams,,,,
"197,""Campaigns project in Molham team""",Kampagnenprojekt des Molham Teams,,,,
"198,""Sponsorships Project in Molham Team""",Patenschaftsprojekt des Molham Teams,,,,
"199,""Education Project in Molham Team""",Bildungsprojekt des Molham Teams,,,,
"200,""All Cases""",Alle Fälle,,,,
"201,""All Campaigns""",Alle Kampagnen,,,,
"202,""All Sponsorships""",Alle Patenschaften,,,,
"203,""All Students""",Alle Studenten,,,,
"204,""Fully funded""",Vollständig finanziert,,,,
"205,More",Mehr,,,,
"206,""All rights reserved to Molham Volunteering Team""",Alle Rechte sind dem Molham Volunteering Team vorbehalten.,,,,
"207,""your account information will be private and you can look up the donations you have made by signing up with a new account""","Deine Accountinformationen sind privat und du kannst deine Spenden einsehen, wenn du dich mit einem neuen Account anmeldest.",,,,
"208,Close",Schließen,,,,
"209,""Welcome to  Molham Volunteering Team family !!""",Willkommen in der Familie des Molham Volunteering Teams!!,,,,
"210,""Thank you for creating an account on our website""","Danke, dass du einen Account auf unserer Website erstellt hast.",,,,
"211,""Your account allows you to view your donations history and the updates on the website's sections.""",Dein Account ermöglicht es dir deine Spendenhistorie einzusehen,,,,
"212,""You can also view all donations received by the Team through the Transparency File.""","Du kannst alle Spenden, die das Team erhalten hat, in der Transparenzliste einsehen.",,,,
"213,""Your Molham Team account is successfully created""",Dein Molham Team Account wurde erfolgreich eingerichtet.,,,,
"214,""Your login information to your account""",Deine Login-Informationen zu deinem Account.,,,,
"215,""Use the link below to login to your account to change the password and your account information""","Logge dich unter folgendem Link ein, um dein Passwort und deine Accountinformationen zu ändern.",,,,
"216,""Thank you for your donation !!""",Danke für deine Spende!!,,,,
"217,""Thank you for your donation !!""",Danke für deine Spende!!,,,,
"218,""You can view the donation receipt for your donation using the following link""",Du kannst die Spendenbescheinigung für deine Spende unter folgendem Link ansehen.,,,,
"219,""Notice: In case of any errors or a problems in the amount or the donation please contact us on the following E-mail""","Beachte: Im Falle eines Fehlers oder eines Problems mit dem Betrag oder der Spende, kontaktiere uns bitte unter der folgenden E-Mail-Adresse",,,,
"220,""Thank you for your donation on Molham Giving Day""","Danke für deine Spende zum ""Molham-Tag des Gebens"".",,,,
"221,""You can check the receipt of your matched donation non Molham Giving Day in the link below""","Du kannst die Bescheinigung der verdoppelten Spende zum ""Molham-Tag des Gebens"" mit dem folgenden Link prüfen",,,,
"222,""It's our pleasure to join us the celebration on our anniversary and talk about your experience with us using the hashtag""","Wir freuen uns, wenn du Teil unserer Jubiläumsfeier bist und du den Hashtag nutzt, um über deine Erfahrungen mit uns zu berichten. ",,,,
"223,""Log in to your account to sponsor this case""","Melde dich mit deinem Account an, um diesen Fall zu unterstützen.",,,,
"224,""The collected amount is not equal to the spent amount due to educational projects and operational costs of ongoing projects in addition to orphan sponsorships for a year ahead of the current date.""",Der gesammelte Betrag entspricht nicht den Ausgabe- aufgrund der Projekte im Bildungsbereich und der Betriebskosten laufender Projekte. Zudem werden die Patenschaften für Waisenkinder ein Jahr im Voraus finanziert.,,,,
"225,""Respond - Aleppo""",Reaktion - Aleppo,,,,
"226,""Respond - Aleppo""",Reaktion - Aleppo,,,,
"227,""Total of Donations Received""",Gesamtbetrag der erhaltenen Spenden,,,,
"228,""Total of Donations Spent""",Gesamtbetrag der ausgegebenen Spenden,,,,
"229,""View Donations""",Spenden ansehen,,,,
"230,View",Ansicht,,,,
"231,""The name must be between 3-30 character!""",Der Name muss aus 3 bis 30 Buchstaben bestehen.,,,,
"232,""Pay for this time only!""",Einmalige Zahlung,,,,
"233,""Monthly sponsorship  (you can stop the sponsorship when you want )""",Monatliche Patenschaft (Du kannst die Patenschaft jederzeit beenden),,,,
"234,""For further information on how to make a donation or for further details on the sponsorship, contact us via email:""","Für weitere Informationen bezüglich des Spendenablaufs oder für weitere Details zum Thema Patenschaften, kontaktiere uns per E-Mail:",,,,
"235,""Thank you very much !! This case will be exclusively closed to your self and you will receive a monthly reminder .. and be moved to follow up payment process.""",Danke dir vielmals! Dieser Fall wird exklusiv für dich reserviert sein und du wirst eine monatliche Erinnerung erhalten...und veranlasst den Zahlungsprozess fortzusetzen. ,,,,
"236,""Follow-up donation process""",Spendenprozess fortsetzen,,,,
"237,""Do you want?""",Möchtest du?,,,,
"238,""I, and the one who looks after an orphan are like thisâœŒ Messenger of Allah, prophet Mohammed Peace Be Upon Him (ï·º) said, 'I, and the one who looks after an orphan, will be like this in heaven, then he raised his index and middle fingers together'.""","Ich und derjenige, der sich um einen Waisen kümmert, sind im Paradies so Der Gesandte Allahs, Prophet Mohammed, Segen und Heil auf ihm, sagte: „Ich und derjenige, der sich um einen Waisen kümmert, sind im Paradies so“, hielt seinen Zeigefinger und seinen Mittelfinger nebeneinander, wobei er sie spreizte und wieder zusammenführt.",,,,
"239,""5 dollars is the minimum amount to donate""",5 Dollar ist der Mindestbetrag um zu spenden.,,,,
"240,""Number of months""",Anzahl der Monate,,,,
"241,""Auto Monthly Payment Subscription""",Automatisiertes monatliches Zahlungsabonnement,,,,
"242,""Number of subscription months""",Anzahl der abonnierten Monate,,,,
,,,,,
,,,,,
,,,,,
,,,,,
"247,Projects",Projekte,,,,
"248,""Your sponsorship request was approved successfully !!""",Deine Patenschaftsanfrage wurde erfolgreich genehmigt.,,,,
"249,""We wholeheartedly thank you !! upon your request, we have assigned you as the monthly sponsor of sponsorship number""",Wir danken dir von ganzem Herzen. Wir haben dich gemäß deiner Anfrage als monatlichen Paten eingetragen für die Patenschaft mit der Nummer,,,,
"250,""This sponsorship case will be exclusively closed to your kind self for donation""",Diese Patenschaft wird exklusiv für Spenden von dir reserviert. ,,,,
"251,""We will periodically be reminding you to deposit your monthly donation for her""","Wir werden dich regelmäßig daran erinnern, deine monatlichen Spenden für sie zu hinterlegen.",,,,
"252,""For more information concerning this sponsorship, or to cancel request please contact us on sponsorship department email""","Für weitere Informationen bezüglich dieser Patenschaft oder um deine Anfrage zu stornieren, wende dich bitte per Mail an die Patenschaftsabteilung.",,,,
"253,""We wholeheartedly thank you for your monthly subscription to automatic payment regarding sponsorship number""",Wir danken dir von ganzem Herzen für dein monatliches Abonnement zur automatischen Zahlung für die Patenschaft mit der Nummer,,,,
"254,""We would like to thank you again for your monthly subscription to automatic payment concerning sponsorship number""",Wir möchten dir nochmals danken für dein monatliches Abonnement zur automatischen Zahlung für die Patenschaft mit der Nummer,,,,
"255,""Number of subscription months""",Anzahl der abonnierten Monate,,,,
"256,""Number of remaining months""",Anzahl verbleibender Monate,,,,
"257,""Thank you for your monthly subscription concerning sponsorship number""",Danke für dein monatliches Abonnement zur automatischen Zahlung für die Patenschaft mit der Nummer,,,,
"258,""Remember your monthly electronic subscription concerning sponsorship number""",Denke an dein monatliches elektronisches Abonnement für die Patenschaft mit der Nummer,,,,
"259,Welcome",Willkommen,,,,
"260,""You can also view your receipt directly in Your Donations page through the following link""","Du kannst deine Bestätigung auch unter ""Meine Spenden"" über den folgenden Link einsehen",,,,
"261,""Page can not be displayed. Please login and try again.""",Die Seite kann nicht angezeigt werden. Btite melde dich erneut an.,,,,
"262,""Error !!""",Fehler!!,,,,
"263,""Sponsorship ID""",Patenschaft ID,,,,
"264,Category",Kategorie,,,,
"265,""Sponsoring Method""",Patenschaftsmethode,,,,
"266,""Total Months""",Monate Gesamt,,,,
"267,""Months Left""",Fehlende Monate,,,,
"268,""Start Date""",Startdatum,,,,
"269,""End Date""",Enddatum,,,,
"270,""Next Payment Date""",Nächster Zahlungstermin,,,,
"271,""My Sponsorships""",Meine Patenschaften,,,,
"272,""Total Sponsorships""",Gesamte Patenschaften,,,,
"273,""You have not subscribed to any sponsorship !!""",Du hast keine Patenschaft abonniert.,,,,
"274,""Your Sponsorships""",Deine Patenschaften,,,,
"275,""Cash Payment""",Barzahlung,,,,
"276,""Electronic Subscription""",Elektronisches Abonnement,,,,
"277,Completed",Abgeschlossen,,,,
"278,""Total Cases""",Fälle Gesamt,,,,
"279,""Total Campaigns""",Kampagnen Gesamt,,,,
"280,""Total Students""",Studenten Gesamt,,,,
"281,""Edit Profile""",Profil bearbeiten,,,,
"282,""My Account""",Mein Account,,,,
"283,""Case ID""",Fall ID,,,,
"284,""Campaign ID""",Kamagnen ID,,,,
"285,""Student ID""",Studenten ID,,,,
"286,Students",Studenten,,,,
"287,""Fully Funded""",Vollständig finanziert,,,,
"288,""Not Funded""",Nicht finanziert,,,,
"289,""The amount you entered is more than the remaining amount to fully fund this student""","Der eingegebene Betrag übersteigt den notwendigen Betrag, um diesen Student zu finanzieren.",,,,
"290,""Latest Campaigns""",Neuste Kampagnen,,,,
"291,""Latest Sponsorships""",Neuste Patenschaft,,,,
"292,""Latest Students""",Neuste/r Student/in,,,,
"293,""View All""",Zeige alles,,,,
"294,""We have registered your account on our website""",Wir haben deinen Account auf unserer Website registriert.,,,,
"295,""Your account information""",Deine Accountinformationen,,,,
"296,""You can access your account via the following link""",Du kannst deinen Account über den folgenden Link öffnen,,,,
"297,""You can also find all your donations through your donation page at the following link""",Du kannst alle deinen Spenden auf deiner Spendenseite aufrufen über den folgenden Link,,,,
"298,""Your donation has been successfully processed. You will receive an email receipt voucher shortly. Thank you very much!""",Deine Spende wurde erfolgreich durchgeführt. Du wirst in Kürze eine Empfangsbescheinigung per E-Mail erhalten. Vielen Dank!,,,,
"299,""We did not stop Zakat donation""",Wir haben die Zakat Spenden nicht beendet.,,,,
"300,""Click here to donate""",Klicke hier um zu spenden,,,,
"301,""Martyr Molham Fa'ez Tareefi""",Märtyrer Molham Fa'ez Tareefi,,,,
"302,""Note: In case your donation is dated a long time ago and you receive a receipt now, this means that your donation was just registered in our system since we are currently doing a funds inventroy for unregistered donations.""","Beachte: Falls deine Spende schon eine Weile her ist und du jetzt eine Bestätigung erhältst, bedeutet dies, dass deine Spende nun in unserem System registriert wurde, da wir derzeit eine Bestandsaufnahme der nicht registrierten Spenden durchführen.",,,,
"303,""Unspecified donation""",unbestimmte Spende,,,,
"304,""The price of one sheep""",Der Preis für ein Schaf,,,,
"305,""The price of two sheep.""",Der Preis für zwei Schafe,,,,
"306,""The price of three sheep""",Der Preis für drei Schafe,,,,
"307,""The price of four sheep""",Der Preis für vier Schafe,,,,
"308,""The price of 5 sheep""",Der Preis für fünf Schafe,,,,
"309,""The price of 6 sheep""",Der Preis für sechs Schafe,,,,
"310,""The price of one lamb""",Der Preis für ein Lamm,,,,
"311,Other",Andere,,,,
"312,""Do you want to document the Eid sacrifice through a video?""","Möchtest du, dass das Eid Opfer per Video dokumentiert wird?",,,,
"313,""Names of the individuals that you would wish to do the sacrifice for""",Namen der Personen denen du dieses Opfer schenken möchtest,,,,
"314,Yes",Ja,,,,
"315,""No, I do not want to document it using a video""","Nein, ich möchte nicht, dass es per Video dokumentiert wird",,,,
"316,""Yes, I want to document it using a video""","Ja, ich möchte, dass es per Video dokumentiert wird",,,,
"317,""Thank you for donating on Molham Giving Day... this receipt is for your duplicated donation that will be allocated to help Orphans and Children in school at refugee camps.""","Danke, dass du am ""Molham-Tag des Gebens"" gespendet hast...diese Bestätigung gilt für den verdoppelten Spendenbetrag, welcher dazu dient den Waisen und Kindern in den Schulen der Flüchtlingscamps zu helfen.",,,,
"318,""Your contribution will help save children lives in besieged Ghouta.  We greatly appreciate it!""","Dein Beitrag wird dabei helfen, das Leben der Kinder im belagerten Ghuta zu retten. Wir schätzen das sehr!",,,,
"319,""Amount in Dollar""",Betrag in Dollar,,,,
"320,""Molham Giving Day""",Molham-Tag des Gebens,,,,
"321,Hours",Stunden,,,,
"322,Minutes",Minuten,,,,
"323,Seconds",Sekunden,,,,
"324,""Total Donations Received""",Gesamtbetrag der erhaltenen Spenden,,,,
"325,""Total Donations after match""",Gesamtbetrag der verdoppelten Spenden,,,,
"326,""Time left for Campaign to be expired""",Verbleibende Zeit bis die Kampagne ausläuft,,,,
"327,""Highest Amount""",Höchster Betrag.,,,,
"328,""The Great Campaign of Idlib""",Die große Kampagne für Idlib,,,,
"329,""Photos of children's feet in the Northern Syrian camps""",Fotos von Kinderfüßen in den Camps in Nordsyrien.,,,,
"330,""These images may reflect part of what children in camps are suffering.""","Diese Bilder mögen widerspiegeln, was die Kinder in den Lagern ertragen müssen.",,,,
"331,""Donate even for one shoes""",Spende sogar für einen Schuh,,,,
"332,""Donate the price of 10 children's shoes $30""",Spende den Preis für 10 Kinderschuhe $30,,,,
"333,""Donate the price of 33 children's shoes 100$""",Spende den Preis für 33 Kinderschuhe $100,,,,
"334,""Donate the price of 50 children's shoes 150$""",Spende den Preis für 50 Kinderschuhe $150,,,,
"335,""Donate the price of 100 children's shoes 300$""",Spende den Preis für 100 Kinderschuhe $300,,,,
"336,""Donate with any amount, each shoe is for $3""","Spende einen beliebigen Betrag, jeder Schuh kostet $3",,,,
"337,""Molham Village""",Molham Village,,,,
"338,""Molham Events""",Molham Events,,,,
"339,""Would you like to subscribe to the payment of the same amount for several more times?""",Möchtest du für den gleichen Betrag ein Abonnement einrichten?,,,,
"340,""No, just this time""","Nein, nur dieses eine Mal.",,,,
"341,""I will fund a family and pay the same amount for the next 2 months""",Ich möchte eine Familie finanzieren und denselben Betrag für die nächsten 2 Monate zahlen.,,,,
"342,""Our bank account in France""",Unsere Bankverbindung in Frankreich,,,,
"343,""After every money transfer, please send us a copy of the transfer process to the following Email Address""",Bitte sende uns nach jedem Geldtransfer eine Kopie des Transferprozesses an folgende E-Mail-Adresse:,,,,
"344,""Our bank account in Sweden""",Unsere Bankverbindung in Schweden,,,,
"345,""Remember me""",Automatische Anmeldung,,,,
"346,""Sign up a new account or return back to the home page""",Registriere dich mit einem neuen Account oder kehre zur Startseite zurück,,,,
"347,Home",Start,,,,
"348,""New Account""",Neuer Account,,,,
"349,""Log in to your account or return back to the home page""",Melde dich mit deinem Account an oder kehre zur Startseite zurück.,,,,
"350,""Log in""",Anmelden,,,,
"351,""Account info""",Accountinformationen,,,,
"352,Profile",Profil,,,,
"353,""Your information has been successfully updated !!""",Deine Informationen wurden erfolgreich aktualisiert.,,,,
"354,Edit",Bearbeiten,,,,
"355,Update",Aktualisieren,,,,
"356,""Filtering Options""",Filteroptionen,,,,
"357,""Humanitarian and Medical Cases Section""",Abteilung für humanitäre und medizinische Fälle,,,,
"358,""Your donation will truly contribute in changing their reality.""","Deine Spende wird wirklich dazu beitragen, ihr Leben zu verändern",,,,
"359,""Cases Section""",Abteilung für Fälle,,,,
,,,,,
"361,""in addition to provide the costs of surgical operations and medications for urgent cases, we aim at this campaign to provide treatment costs for 500 cases.""","Zusätzlich zu der Bereitstellung von Operationskosten und Medikamenten für dringende Fälle, ist es unser Anliegen mit dieser Kampagne die Behandlungskosten für 500 Fälle abzudecken.",,,,
,,,,,
"363,""Happy Eid for you and your families.""",Wir wünschen dir und deiner Familie ein gesegnetes Fest.,,,,
"364,""Mulhamioun in Ramadan""",Ramadan-Kampagne,,,,
"365,""by your donation for them""",mit deiner Spende für sie,,,,
"366,""You will truly contribute in changing their reality""",Du wirst wahrhaft dazu beitragen ihre Realität zu verändern,,,,
"367,""Ramadan food (Iftar ) and a gift for a child.""",Essen für Ramadan (Iftar-Fastenbrechen) und ein Geschenk für ein Kind.,,,,
"368,""because children in the camps deserve it.""",denn die Kinder in den Camps verdienen es.,,,,
"369,""Molham Village""",Molham Village,,,,
"370,""Provide decent housing for them and their families.""",Ermögliche angemessenes Wohnen für sie und ihre Familien.,,,,
"371,""All Molham team sections will be temporarily closed today for Matching Funds campaign""",Alle Molham Team Bereiche werden zugunsten der Matching Funds Kampagne für heute vorübergehend geschlossen.,,,,
"372,""Thank you for your donation for Matching Funds campaign in the holy month of Ramadan. You can view your doubled donation voucher through this link""",Vielen Dank für deine Spende für die Matching Funds Kampagne im heiligen Monat Ramadan. Du kannst deine Spendenbescheinigung zu dem verdoppelten Betrag über diesen Link einsehen,,,,
"373,""Choose your preferred payment method""",Wähle deine bevorzugte Zahlungsmethode.,,,,
"374,""Proceed with your payment""",Mit der Zahlung fortfahren,,,,
"375,""for donation using a card, choose your payment card below.""","Für Spenden per Karte, wähle deine gewünschte Karte unterhalb aus.",,,,
"376,""Your payment was successful!! Verifying your payment. Please wait.""",Deine Zahlung war erfolgreich. Die Zahlung wird geprüft. Bitte warten.,,,,
"377,""Thank you !""",Dankeschön!,,,,
"378,""Amount per month""",Betrag pro Monat,,,,
"379,""Sponsorships Section""",Abteilung für Patenschaften,,,,
"380,""To support Humanitarian and Orphans Sponsorship""",Zur Unterstützung von humanitären und Waisenpatenschaften,,,,
"381,""The value of shortage in sponsorship fund is""",Der fehlende Betrag im Patenschaftsfonds ist,,,,
"382,Sponsorship",Patenschaft,,,,
"383,""Campaigns Section""",Abteilung für Kampagnen,,,,
"384,""To support Humanitarian Relief Campaigns""",Zur Unterstützung von Kampagnen der humanitären Hilfe,,,,
"385,""Education Section""",Abteilung für Bildung,,,,
,,,,,
"387,""Every month""",Jeden Monat,,,,
"388,Date",Datum,,,,
"389,""To support educational centers and college students""",Bildungseinrichtungen und Universitätsstudenten unterstützen,,,,
"390,""Donations Cart""",Spendenkorb,,,,
"391,""Preview elements in E-cart""",Vorschau der Elemente im Korb,,,,
"392,""Number of elements in cart""",Anzahl der Elemente im Korb,,,,
"393,Remove",Entfernen,,,,
"394,""Donation for""",Spende für,,,,
"395,""No elements in the cart""",Keine Elemente im Korb,,,,
"396,""Section is closed""",Bereich ist geschlossen,,,,
"397,""Modify the Amount""",Verändere den Betrag,,,,
"398,""Remove from the Cart""",Aus dem Korb entfernen,,,,
"399,""Are you sure you want to remove the element from donations cart?""","Bist du dir sicher, dass du die Elemente aus dem Spendenkorb entfernen möchtest?",,,,
"400,""Proceed with payment""",Mit der Zahliung fortfahren,,,,
"401,""Add to Cart""",Zum Korb hinzufügen,,,,
"402,""Proceed with payment for this donation""",Mit der Zahlung für diese Spende fortfahren,,,,
"403,""Adding this donation to your donations cart and proceed with payment at onetime.""",Diese Spende in den Spendenkorb hinzufügen und mit der Zahlung fortfahren.,,,,
"404,""This donation is added to your donations' E-cart successfully""",Diese Spende wurde erfolgreich zu deinem Spendenkorb hinzugefügt. ,,,,
"405,""Donations options""",Die Optionen des Spendevorganges,,,,
"406,""Donations cart will be cleared in case of no payment within 6 hours from now.""",Der Spendenkorb wird geleert falls innerhalb von sechs Stunden keine Zahlung eingeht.,,,,
"407,""Page not Found""",Diese Seite kann nicht gefunden werden,,,,
"408,""Home Page""",Startseite ,,,,
"409,""5 elements are in the cart""",Es befinden sich fünf Elemente in deinem Korb.,,,,
"410,FAQ",FAQ,,,,
"411,""Latest news""",Neuste Nachrichten ,,,,
"412,""Donors List""",Liste der Spender ,,,,
"413,""Kindly note that your donation cart will be cleared after adding the last element in case of no payment within 6 hours.""","Bitte beachte, dass der Spendenkorb geleert wird, falls innerhalb von sechs Stunden keine Zahlung eingeht.",,,,
"414,""100 Cases""",100 Fälle,,,,
"415,""100 Campaigns""",100 Kampagnen,,,,
"416,""100 Sponsorships""",100 Patenschaften,,,,
"417,""100 Students""",100 Studenten,,,,
"418,""Molham Volunteering Team is a NPO registered in France, Turkey, Jordan, Sweden and Canada, brought together by a group of Syrian students. It aims at providing aid to internally displaced persons in Syria and Syrian refugees living in camps of the neighboring countries.""","Das Molham Volunteering Team ist eine in Frankreich, Jordanien, Schweden, Kanada und in der Türkei registrierte Non-profit Organisation, die von einer Gruppe syrischer Studenten gegründet wurde. Das Ziel ist es, Binnenflüchtlinge in Syrien und syrische Flüchtlinge in den Camps der benachbarten Länder zu versorgen.",,,,
"419,""See more about Molham Team""",Mehr über Molham-Team,,,,
"420,""How does it work ?""",Wie funktioniert es?,,,,
"421,""Team Projects""",Projekte des Teams,,,,
"422,""Important links""",Wichtige Links,,,,
"423,""Invalid check !""",Ungültig!,,,,
"424,""Unfunded Cases""",nicht finanzierte Fälle,,,,
"425,""Unfunded Sponsorships""",nicht finanzierte Patenschaften,,,,
"426,""Unfunded Students""",nicht finanzierte Studenten,,,,
"427,""Imagine yourself in their position""","Stell dir vor, du wärst an ihrer Stelle.",,,,
"428,""Unmute Sound""",Ton an,,,,
"429,""Mute Sound""",Ton aus,,,,
"430,Humanitarian",humanitär,,,,
"431,""We wholeheartedly thank you for your donation! Your receipt voucher has just been sent to your email. Within moments you will be redirected to &laquo",Your Donations &raquo," page.""",Wir danken dir von ganzem Herzen für deine Spende! Deine Spendenbestätigung wurde dir soeben per Mail gesendet. In Kürze wirst du weitergeleitet zu,deiner Spenden-,Seite.
"432,""Latest News""",Neueste Nachrichten,,,,
"433,""New Activity""",Neue Aktivität.,,,,
"434,""Update status""",Status aktualisieren,,,,
"435,""New Post""",Neuer Beitrag,,,,
"436,""Activities log""",Aktivitätenprotokoll,,,,
"437,""Status updates""",Statusaktualisierungen,,,,
"438,Posts",Beiträge,,,,
"439,""No posts were found based on your chosen filtering options.""",Es konnten keine Beiträge zu deiner Filteroption gefunden werden.,,,,
"440,""Click here to display the latest posts""",Klicke hier um die neusten Beiträge zu sehen.,,,,
"441,here",hier,,,,
"442,Error!",Fehler!,,,,
"443,""Share this Post""",Diesen Beitrag teilen,,,,
"444,Likes","""Gefällt mir"" Angaben",,,,
"445,Comments",Kommentare,,,,
"446,Like",Gefällt mir,,,,
"447,""Add a comment""",Kommentar hinzufügen,,,,
"448,Loading",Wird geladen...,,,,
"449,""No Likes""","Keine ""Gefällt mir"" Angaben.",,,,
"450,""and 5 others""",Und 5 andere Personen,,,,
"451,""Are you sure you want to delete this comment?""","Bist du sicher, dass du diesen Kommentar löschen möchtest?",,,,
"452,Delete",Löschen,,,,
"453,Like",Gefällt mir,,,,
"454,""Just Now""",Jetzt,,,,
"455,""Add a comment""",Kommentar hinzufügen,,,,
"456,Cancel",Abbrechen,,,,
"457,""Comment here""",hier kommentieren,,,,
"458,""Case no. 1000 has been added by the Humanitarian and Medical Cases Section.""",Fall Nr. 1000 wurde von der Abteilung für humanitäre und medizinische Fälle hinzugefügt.,,,,
"459,""Campaign no. 1000 has been added by the Humanitarian Relief Section.""",Kampagne Nr. 1000 wurde von der Abteilung für humanitäre Hilfe hinzugefügt,,,,
"460,""Sponsorship no. 1000 has been added by the Humanitarian and Orphans Sponsorship section.""",Die Patenschaft Nr. 1000 wurde von der Abteilung für humanitäre Hilfe und Waisenpatenschaften hinzugefügt.,,,,
"461,""Student case no. 1000 has been added by the Education Section.""",Der Studentenfall Nr. 1000 wurde von der Abteilung für Bildung hinzugefügt.,,,,
"462,""After the allocated amount has been spent and all other procedures were fulfilled, Case no. 1000 was closed :)""","Nachdem der zugeteilte Betrag ausgegeben wurde und alle nötigen Abläufe beendet wurden, wurde der Fall 1000 geschlossen :)",,,,
"463,""An amount of 1000 dollar from donations made in the last 24 hours has been received.""",Innerhalb der letzten 24 Stunden haben wir 1000 Dollar an Spenden erhalten.,,,,
"464,""An amount of 1000 dollars from donations made in the last 24 hours has been spent.""",Innerhalb der letzten 24 Stunden haben wir 1000 Dollar der Spenden für unsere Projekte ausgegeben.,,,,
"465,""Profile Picture""",Profilbild,,,,
"466,""Choose a profile picture""",Wähle ein Profilbild aus,,,,
"467,""Choose a picture""",Wähle ein Bild aus,,,,
"468,""Case updates""",Aktualisierungen der Fälle,,,,
"469,""Other cases""",andere Fälle,,,,
"470,""Campaign updates""",Aktualisierungen der Kampagnen,,,,
"471,""Other campaigns""",Andere Kampagnen,,,,
"472,""Sponsorship updates""",Aktualisierungen der Patenschaften,,,,
"473,""Other sponsorships""",Andere Patenschaften,,,,
"474,""Student updates""",Aktualisierungen der Studenten,,,,
"475,""Other students""",Andere Studenten,,,,
"476,""Molham Volunteering Team is a French association subject to the Law of Associations of 1901. Its main purpose is the provision of humanitarian assistance to refugees.""",Das Molham Volunteering Team ist ein französischer Verein gemäß dem Vereinsgesetz von 1901. Das Hauptziel ist die Bereitstellung humanitärer Hilfe für Flüchtlinge.,,,,
"477,""License numbers""",Lizenznummern,,,,
"478,""Head Office address""",Adresse des Hauptsitzes,,,,
"479,Telephone",Telefonnummer ,,,,
"480,E-mail",E-Mail-Adresse,,,,
"481,""Terms of Use""",Nutzungsbedingungen,,,,
"601,""Help a Displaced Mother""",Einer vertriebenen Mutter helfen,,,,
"602,""Medical Cases""",Medizinische Fälle,,,,
"603,""Children's Party""",Kinderparty,,,,
"604,""Those who break the fast of a Muslim have the same recompense.""","Diejenigen, die das Fasten eines Muslims brechen, erhalten die gleiche Belohnung",,,,
"605,""Take a part in changing the life of a family that needs your help.""","Nimm an der Veränderung des Lebens einer Familie teil, die deine Hilfe benötigt",,,,
"606,""Motherless and fatherless children in Molham Orphanage - Lebanon.""","Waisenkinder im Molham-Waisenhaus, Libanon",,,,
"607,""Donate with a food parcel for a family for the whole month of Ramadan.""",Spende für den gesamten Monat Ramadan ein Lebensmittelpaket an eine Familie,,,,
"608,""Start your Ramadan with a child sponsorship for 50$ monthly.""",Beginne deinen Ramadan mit einer Kinderpatenschaft für  für 50 $ pro Monat,,,,
"609,""To help those who fled from bombardment with tents and food.""","Um denen mit Zelten und Nahrung zu helfen, die vor den Bombenangriffen geflohen sind",,,,
"610,""Make a Wakf for you or for who you love to change the reality of a family.""","Spende den Waqf von dir oder deinen Lieben, um die Realität einer Familie zu verändern",,,,
"611,""Allocate your Zakaat Al-Fitr to your people in Syria and the displacement countries.""",Verteile deinen Zakat al-Fitr an dein Volk in Syrien und den Zufluchtsländern,,,,
"612,""Your donation can change the reality of the neediest families.""",Deine Spende kann die Realität der bedürftigsten Familien verändern.,,,,
"613,""Grant a displaced mother her wishes and bring her joy.""",Gewähre einer vertriebenen Mutter ihre Wünsche und bereite ihre Freude,,,,
"614,""Save a patient's life and make your donation to help him/her with the treatment costs.""",Rette einem Patienten das Leben und hilf mit deiner Spende die Behandlungskosten zu sichern. ,,,,
"615,""Create an event and bring joy to the hearts of the children of camps""",Erstelle eine Veranstaltung und bereite den Kindern der Zeltlager eine Freude,,,,
"616,""Molham Volunteering Team is launching twelve campaigns in the occasion of the holy month of Ramadan. During this holy month, 200 volunteers in Syria, Turkey, Lebanon, and Jordan will work to provide assistance to the neediest families on daily basis. Your donation will change their reality and ease their suffering.""","Zwölf Kampagnen wurden vom Molham Volunteering Teams anlässlich des heiligen Monats Ramadan, des Monats der Toleranz und Großzügigkeit, ins Leben gerufen. Mehr als 200 Freiwillige in Syrien, der Türkei, dem Libanon und Jordanien werden täglich den ärmsten Familien helfen. Deine Spende wird ihre Realität verändern und ihr Leiden lindern",,,,
"617,""During this holy month, 200 volunteers in Syria, Turkey, Lebanon, and Jordan will work to provide assistance to the neediest families on daily basis.""","Während des heiligen Monats Ramadan werden täglich mehr als 200 Freiwillige in Syrien, der Türkei, dem Libanon und Jordanien den ärmsten Familien helfen",,,,
"618,""Your donation will change their reality and ease their suffering.""",Deine Spende wird ihre Realität verändern und ihr Leiden lindern,,,,
"619,""May God accept your good deeds and may your month be filled of blessings""",Möge Gott deine guten Taten annehmen und möge dein Monat voller Segen sein,,,,
"620,""Browse All Campaigns""",Alle Kampagnen durchsuchen,,,,
"621,""Your donation will change their reality""",Deine Spende wird ihre Realität verändern,,,,
"622,""You cannot make an online donations and need other payment methods?""",Du kannst nicht online spenden und benötigst andere Zahlungsmethoden?,,,,
"623,""All Available Payment Methods""",Alle verfügbaren Zahlungsmethoden,,,,
"624,""Chat with Support Team""",Chat mit dem Support-Team,,,,
"625,""Payment through credit or debit card""",Zahlung mit Kredit- oder Debitkarte,,,,
"626,""Payment through PayPal""",Zahlung per PayPal,,,,
"627,""Payment by bank transfer to our account in Turkey""",Zahlung per Überweisung auf unser Konto in der Türkei,,,,
"628,""Payment through wire transfer""",Zahlung per Banküberweisung,,,,
"629,""Payment by cash handover to agents, transfer through PPT or a money transfer service provider.""",Zahlung in bar an Vermittler oder Überweisung über PTT oder einen Geldtransferanbieter,,,,
"630,""Payment by bank transfer to our account in France""",Zahlung per Überweisung auf unser Konto in Frankreich,,,,
"631,""Payment by Swish or bank transfer to our account in Sweden""",Zahlung per Swish oder Überweisung auf unser Konto in Schweden,,,,
"632,""Payment from Sweden by wire transfer or cash handover to agents""",Zahlung aus Schweden per Überweisung oder Bargeldübergabe an Vermittler,,,,
"633,""Payment from Canada through Interac e-Transfer""",Zahlung aus Kanada per Interac e-Transfer,,,,
"634,""Payment by bank transfer to our account in Palestine""",Zahlung per Überweisung auf unser Konto in Palästina,,,,
"635,""Payment from Palestine by cash handover to agents""",Zahlung aus Palästina per Bargeldübergabe an Vermittler,,,,
"636,""Payment from Saudi Arabia by wire transfer or cash handover to agents""",Zahlung aus Saudi-Arabien per Überweisung oder Bargeldübergabe an Vermittler,,,,
"637,""Payment from United Arab Emirates by wire transfer or cash handover to agents""",Zahlung aus den UAE per Überweisung oder Bargeldübergabe an Vermittler,,,,
"638,""Payment from Qatar by wire transfer or cash handover to agents""",Zahlung aus Katar per Überweisung oder Bargeldübergabe an Vermittler,,,,
"639,""Payment from Kuwait by wire transfer or cash handover to agents""",Zahlung aus Kuwait per Überweisung oder Bargeldübergabe an Vermittler,,,,
"640,""Payment from Lebanon by wire transfer or cash handover to agents""",Zahlung aus dem Libanon per Überweisung oder Bargeldübergabe an Vermittler,,,,
"641,""Payment from Jordan by wire transfer or cash handover to agents""",Zahlung aus Jordanien per Überweisung oder Bargeldübergabe an Vermittler,,,,
"642,""Payment from Syria by wire transfer or cash handover to agents""",Zahlung aus Syrien per Überweisung oder Bargeldübergabe an Vermittler,,,,
"643,""Payment from your bank account in Germany through the website""",Zahlung von deinem Bankkonto in Deutschland über die Website,,,,
"644,""Payment from Germany by wire transfer or cash handover to agents""",Zahlung aus Deutschland per Überweisung oder Bargeldübergabe an Vermittler,,,,
"645,""Payment from Egypt by wire transfer or cash handover to agents""",Zahlung aus Ägypten per Überweisung oder Bargeldübergabe an Vermittler,,,,
"646,""Payment from any country by wire transfer or cash handover to agents""",Zahlung aus allen Ländern per Überweisung oder Bargeldübergabe an Vermittler,,,,
"647,""You can make an electronic donation through our website using your credit or debit card. On the page of your target case, campaign, or sponsorship, specify the donation amount and click the donate button. Then, you will be directed to another page to choose your preferred payment method and card type. Afterwards, enter your card details to process the payment. Following the completion of the transaction, you will receive a receipt voucher on your email.""","Über unsere Website kannst du mit deiner Kredit- oder Debitkarte elektronisch spenden. Gib auf der Seite des Falles, der Kampagne oder der Patenschaft den Spendenbetrag an und klicke auf die Schaltfläche ""Spenden"". Anschließend wirst du zu einer anderen Seite weitergeleitet, auf der du deine bevorzugte Zahlungsmethode und den Kartentyp auswählen kannst. Gib nun deine Kartendaten ein, um mit der Zahlung fortzufahren. Nach Abschluss der Transaktion erhältst du eine Empfangsbestätigung per E-Mail.",,,,
"648,""You can make an electronic donation through our website using your PayPal account. On the page of your target case, campaign, or sponsorship, specify the donation amount click the donate button. Then, you will be directed to another page to sign in your PayPal account and then process the payment. After the completion of the transaction, you will receive a receipt voucher on your email.""","Über unsere Website kannst du mit deinem PayPal-Konto elektronisch spenden. Gib auf der Seite des Falles, der Kampagne oder der Patenschaft den Spendenbetrag an und klicke auf die Schaltfläche ""Spenden"". Anschließend wirst du zu einer anderen Seite weitergeleitet, auf der du dich mit deinem PayPal-Konto anmelden und die Zahlung fortführen kannst. Nach Abschluss der Transaktion erhältst du eine Empfangsbestätigung per E-Mail.",,,,
"649,""In case you encounter any error while processing your donation and the transaction does not get completed, you may send a wire transfer from your PayPal account to our PayPal account on the following address:""","Falls bei der Verarbeitung deiner Spende ein Fehler auftritt und die Transaktion nicht abgeschlossen wurde, kannst du eine Überweisung von deinem PayPal-Konto an unser PayPal-Konto unter der folgenden Adresse senden:",,,,
"650,""After completing the transfer, please send us a copy of the transfer receipt including its purpose to the following e-mail address:""",Nach Abschluss der Überweisung sende uns bitte eine Kopie des Überweisungsbelegs mit Angabe des Verwendungszwecks an folgende E-Mail-Adresse:,,,,
"651,""For information on wire transfers, please contact us through WhatsApp on the following number:""",Für Informationen zu Überweisungen kontaktiere uns bitte per WhatsApp unter der folgenden Nummer:,,,,
"652,""You can donate by making a cash handover to one of our agents if you are in Istanbul, Gaziantep, Adana, Antakya, or by sending a wire transfer from another province.""","Du kannst durch Bargeldübergabe an einen unserer Vermittler spenden, wenn du dich in Istanbul, Gaziantep, Adana oder Antakya befindest. Du kannst auch eine Überweisung aus einer anderen Region senden.",,,,
"653,""Through wire transfer or cash handover to one of our agents.""",Durch Überweisung oder Bargeldübergabe an einen unserer Vermittler,,,,
"654,""For more information, please contact on the following number:""",Für weitere Informationen wende dich bitte an die folgende Nummer:,,,,
"655,""You can make a donation from Canada through Interac e-Transfer using the following information:""",Du kannst aus Kanada über Interac e-Transfer mit den folgenden Informationen spenden:,,,,
"656,""Branch Code""",Branchencode,,,,
"657,""Account Number""",Kontonummer,,,,
"658,""You can donate by making a cash handover to one of our agents or by contacting us on the following number:""",Du kannst durch Bargeldübergabe an einen unserer Vermittler oder durch Kontaktaufnahme mit uns unter der folgenden Nummer spenden:,,,,
"659,""You can donate by making a cash handover to one of our agents or by contacting us through WhatsApp on the following number:""",Du kannst durch Bargeldübergabe an einen unserer Vermittler oder durch Kontaktaufnahme mit WhatsApp unter der folgenden Nummer spenden:,,,,
"660,""You can donate by wire transfer through Al Ansari Exchange or by making a cash handover to one of our agents.""",Du kannst per Überweisung über Al Ansari Exchange oder durch Bargeldübergabe an einen unserer Vermittler spenden,,,,
"661,""You can donate by making a cash handover to one of our agents or by wire transfer through a money transfer service provider.""",Du kannst durch Bargeldübergabe an einen unserer Vermittler oder durch Überweisung über einen Geldtransferanbieter spenden,,,,
"662,""For more information, please contact us through WhatsApp on the following number:""",Für weitere Informationen kontaktiere uns bitte per WhatsApp unter der folgenden Nummer:,,,,
"663,""For donations, please contact us through WhatsApp on the following number:""",Für Spenden kontaktiere uns bitte per WhatsApp unter der folgenden Nummer:,,,,
"664,""Through our website, you can make a direct donation from your German bank account.""",Über unsere Website kannst du direkt von deinem deutschen Bankkonto spenden,,,,
"665,""For information on donation methods from other countries, please contact us through the below chat support or send a WhatsApp message on one of the following numbers:""","Um Informationen zu Spendenmethoden aus anderen Ländern zu erhalten, kontaktiere uns bitte über den unten stehenden Chat-Support oder sende eine Nachricht per WhatsApp an eine der folgenden Nummern:",,,,
"666,""Watch a video about this method""",Sieh dir ein Video zu dieser Methode an,,,,
"667,""Write your country's name""",Schreibe den Namen deines Landes,,,,
"668,Unspecified",Unspezifiziert,,,,
"669,""Your donation will truly contribute in changing their reality.""","Deine Spende wird wirklich dazu beitragen, ihre Realität zu verändern",,,,